 ,blur_difference,epsnr,noise_difference,psnr,ssim
blur_difference,1.0,0.08031274350305408,0.5524080398544262,0.21865866420897181,-0.11644395395337943
epsnr,0.08031274350305408,0.9999999999999999,-0.22861147497137507,0.171796504266337,0.5716343786515161
noise_difference,0.5524080398544262,-0.22861147497137507,1.0,-0.0573630045616578,-0.7681675763544724
psnr,0.21865866420897181,0.171796504266337,-0.0573630045616578,1.0,0.18658689602294593
ssim,-0.11644395395337943,0.5716343786515161,-0.7681675763544724,0.18658689602294593,0.9999999999999998
